{
  "peak_cpu_memory_MB": 4066.348,
  "peak_gpu_0_memory_MB": 5063,
  "training_duration": "07:57:28",
  "training_start_epoch": 0,
  "training_epochs": 1,
  "epoch": 1,
  "training_loss": 3.3155513082426546,
  "training_cpu_memory_MB": 4066.348,
  "training_gpu_0_memory_MB": 5063,
  "validation_loss": 3.0932526119735555,
  "best_epoch": 1,
  "best_validation_loss": 3.0932526119735555
}