{
  "peak_cpu_memory_MB": 2314.456,
  "peak_gpu_0_memory_MB": 5887,
  "training_duration": "00:16:21",
  "training_start_epoch": 0,
  "training_epochs": 12,
  "epoch": 12,
  "training_loss": 2.7131341099739075,
  "training_cpu_memory_MB": 2314.456,
  "training_gpu_0_memory_MB": 5879,
  "validation_loss": 4.761962870756785,
  "best_epoch": 10,
  "best_validation_loss": 4.6661181052525835
}