{
  "training_duration": "16:28:56",
  "training_start_epoch": 0,
  "training_epochs": 9,
  "epoch": 9,
  "training_loss": 3.9004630838217476,
  "validation_loss": 4.323799037790797,
  "best_epoch": 8,
  "best_validation_loss": 4.320945086500569
}