{
  "peak_cpu_memory_MB": 4072.988,
  "peak_gpu_0_memory_MB": 7924,
  "training_duration": "10:12:54",
  "training_start_epoch": 0,
  "training_epochs": 2,
  "epoch": 2,
  "training_loss": 3.0953520522019797,
  "training_cpu_memory_MB": 4072.988,
  "training_gpu_0_memory_MB": 7924,
  "validation_loss": 3.0546046278693457,
  "best_epoch": 2,
  "best_validation_loss": 3.0546046278693457
}