{
  "training_duration": "09:18:46",
  "training_start_epoch": 0,
  "training_epochs": 6,
  "epoch": 6,
  "training_loss": 4.519187096942099,
  "validation_loss": 4.687092635334964,
  "best_epoch": 6,
  "best_validation_loss": 4.687092635334964
}